{"fx": 2085.260974465066, "fy": 2084.6256814095664, "cx": 919.9151679656114, "cy": 525.8260760000537}